source_key,category,category_name,caption,visible_text,frames,relative_path,content_sha256,review_question
PNG/0,game,游戏 / 标志,蓝白色的《碧蓝档案》标题标志。,ブルーアーカイブ BlueArchive,1,memes/game/shitim_PNG_0.gif,04424b3c9aab26771168c605462b62f58d0c49352fd43269a45a981040762282,
PNG/1,fool,恶搞 / 变形,真人笑脸与阿罗娜头发、光环拼接在一起。,,1,memes/fool/shitim_PNG_1.gif,a38f660ee98322e75342234f4f229126a58713a49eeafe51e648abe65ae4fc40,
PNG/2,gesture,手势 / 动作,阿罗娜双手在脸前做手势，右侧带有竖排文字。,無彩空処,1,memes/gesture/shitim_PNG_2.gif,f527f8bce5e2b12aa9d9da0a54076adc3bd2a213ff46f58df166879d16d08cb9,
PNG/3,cool,墨镜 / 耍帅,阿罗娜戴彩色墨镜，头顶有紫色星形图案，背景有蓝色宝石和闪光。,,1,memes/cool/shitim_PNG_3.gif,46165a1cfda96e0ff30d47b66c42c9271e13176730c66d37fc8df5acc58486b4,
PNG/4,cool,墨镜 / 耍帅,阿罗娜戴彩色墨镜，嘴巴微张，双手放在身前。,,1,memes/cool/shitim_PNG_4.gif,0991092c2d5fbaa1daf2bd8bef267d0b7e1c3e6339381d4abec61cd128d817f2,
PNG/5,cool,墨镜 / 耍帅,戴彩色墨镜的Q版阿罗娜坐在地上。,,1,memes/cool/shitim_PNG_5.gif,3530e9bebbdc89c912d310e5aaca17910f0d67adb77bf6e2e0b710019329dd1f,
PNG/6,scene,场景 / 日常,阿罗娜坐在椅子上，身后是灰色天空与空旷地面。,,1,memes/scene/shitim_PNG_6.gif,ac5c326499b9666302026a9805d900b29ab572c9bb8012c6bdc427d9939e7a86,
PNG/7,happy,微笑 / 开心,Q版阿罗娜看向前方，脸颊微红，嘴角上扬。,,1,memes/happy/shitim_PNG_7.gif,1b3ec63ab7d4434686152433ebb1b25899a401c917f235c94c2121a94435e03d,
PNG/8,happy,微笑 / 开心,阿罗娜张嘴笑的面部特写，一只眼睛被头发挡住。,,1,memes/happy/shitim_PNG_8.gif,67ac52f1ac6b486635221d73ee52ce83498eeeaf4b84b0f7717ebe98397e87e7,
PNG/10,fool,恶搞 / 变形,蓝白宝石形状的身体中央放着阿罗娜头像，旁边伸出一只手。,,1,memes/fool/shitim_PNG_10.gif,7799961ab89d0197d65b0c9fb1806f57d82fd5d1ff1a71ce02d6286b6deaa76e,
PNG/11,happy,微笑 / 开心,阿罗娜露出柔和笑容，一只眼睛被头发挡住。,,1,memes/happy/shitim_PNG_11.gif,07a6b367b9f4ac4dd0aeaf9bd88396b1525a3344683054822af37ae02e76f2f6,
PNG/12,character,角色 / 头像,多张阿罗娜角色画面拼在一起。,,1,memes/character/shitim_PNG_12.gif,d1ee5e2b1795583bbd0079b9cb44bcc65a3c419f319a00746871e8597585ca02,
PNG/13,fool,恶搞 / 变形,阿罗娜小图案立在写着「カスアロナ」的白色标牌上。,カスアロナ,1,memes/fool/shitim_PNG_13.gif,c292bc26f97e02bac73579f4eefe74cf1ef6533fcf4f3dd3a8a282e210be2754,
PNG/14,surprised,吃惊 / 突然反应,阿罗娜睁大眼睛、嘴巴张成圆形，双臂向外展开。,,1,memes/surprised/shitim_PNG_14.gif,377f69d00b942541b67880538dec2f03a9fb149451c7f5b703a85fcb4d9ff170,
PNG/15,cpu,加载 / 思考,阿罗娜额头上叠着黑灰色加载转圈图标。,,1,memes/cpu/shitim_PNG_15.gif,8ea0375d0a08b46748acd3ed646feb841273f2224a5db0191f274e16df7f8586,
PNG/16,like,爱心 / 亲近,阿罗娜脸颊泛红，身边有粉色爱心。,,1,memes/like/shitim_PNG_16.gif,9891ded66c8036d46cb8aecc8dc543f18ff35dc0a3f62b298bacded555394392,
PNG/17,shy,脸红 / 害羞,阿罗娜脸红，低着头把嘴藏在宽大的袖子后。,,1,memes/shy/shitim_PNG_17.gif,5012276a65a0718cb5b606f31beec504b5ef9f406d47ac9fead4b1b4074c7d9a,
PNG/18,sigh,无语 / 淡定,阿罗娜头像旁的聊天气泡写着「不好说」。,アロナ 不好说。,1,memes/sigh/shitim_PNG_18.gif,91d4825cb10dac383e78c9305b33f9c8979606dacca5e4c130cd5b52904b6207,
PNG/19,gesture,手势 / 动作,阿罗娜闭眼微笑，双手拿着白色平板。,,1,memes/gesture/shitim_PNG_19.gif,e8ac7a374859d8013d03b69f6ae9fdb539ad2620e7668958cbdcd3b0a8bf78a8,
PNG/20,angry,不满 / 警告,阿罗娜双手高举沾血的石头，摆出想打人的警告姿态。,,1,memes/angry/shitim_PNG_20.gif,b6f3bb64267c5efb1895532f826f55923a0afbed0040a433052dcfcbea09246c,
PNG/21,sigh,无语 / 淡定,Q版阿罗娜半垂着眼睛，嘴巴是小弯线。,,1,memes/sigh/shitim_PNG_21.gif,1fe08fd9f121ac78ec79ede6672afacc8cebaa1bcc773c05a3b86aa65fa313ec,
PNG/22,angry,不满 / 警告,阿罗娜头像接在黑色身体上，一只手竖起中指，下面带文字。,玩 玩的,1,memes/angry/shitim_PNG_22.gif,53c87517b991d2f6f28e7a5fd4c5acb0436c0845ae206fd099f55e650882b6ea,
PNG/23,happy,微笑 / 开心,Q版阿罗娜张嘴笑，一只手放在脸旁。,,1,memes/happy/shitim_PNG_23.gif,a4cc7802ea6dd85478c646afe5585c05533250bd24fe89ad66eab6e7e702cbda,
PNG/24,fool,恶搞 / 变形,阿罗娜被画在一根红色热狗里。,,1,memes/fool/shitim_PNG_24.gif,6f0b931783dd357f2a878d3a4cdd07cdffb60199022b63e08073014e68868ff3,
PNG/25,happy,微笑 / 开心,阿罗娜闭眼大笑、双手比V，头顶爱心，旁边有小花。,,1,memes/happy/shitim_PNG_25.gif,fef992e34a2371236f1a0db2ca15fe63b4ddbf0abd40a1122cee501e9b1ae5d0,
PNG/26,sad,流泪 / 委屈,Q版阿罗娜弯着身体，眼睛周围挂着泪珠，双手伸出。,,1,memes/sad/shitim_PNG_26.gif,dc19929ca82ec77a42034761530152c0a0dc37663176fb7de58327d549fa2ce5,
PNG/27,happy,微笑 / 开心,阿罗娜张嘴笑，一只眼睛被头发挡住，头顶光环为绿色。,,1,memes/happy/shitim_PNG_27.gif,fb04cf5a0847dad8423fede76901a64dcad0bae0b4f6b594e5fc290aec2ced1e,
PNG/28,like,爱心 / 亲近,阿罗娜闭眼笑，双手放在蓝色宝石盒上，周围有爱心。,,1,memes/like/shitim_PNG_28.gif,c258a5854896adfd89b85f384c0bb4ef1dee4946608f88db66fb1bcae85ef9ae,
PNG/29,sad,流泪 / 委屈,阿罗娜坐在地上流泪，一只手拉着她的腿。,,1,memes/sad/shitim_PNG_29.gif,73fa1893607c9a74bece676556e7161f0b42ed96b975123d8e79fca3485f785b,
PNG/30,sad,流泪 / 委屈,阿罗娜眼边挂着泪珠，抬手贴在脸侧。,,1,memes/sad/shitim_PNG_30.gif,29145300ec53e64c42533082e23d83ed66e95154a38085b81cfbf4fddeb317f2,
PNG/31,angry,不满 / 警告,阿罗娜皱眉抱臂，脸色泛红，头边有密集的强调线。,,1,memes/angry/shitim_PNG_31.gif,e84db38efdc090958a3431d847456d77005e69e91640debfb00921827e398d7c,
PNG/32,food,食物 / 吃东西,阿罗娜双手拿着圆形面包，闭眼把嘴凑到面包上。,,1,memes/food/shitim_PNG_32.gif,f493556b36523de2e2c9a48f9d645cf4f23d0c5802424354339e4082b1d2fd43,
PNG/33,character,角色 / 头像,阿罗娜穿着印有竖排文字的宽大白色T恤站着。,,1,memes/character/shitim_PNG_33.gif,e4ad5bddff9c2e0cd27c7233296a3f27f79500b4dc8d030b09ae67a71734a1df,
PNG/34,meow,猫耳 / 猫咪,阿罗娜被画成有猫耳和尾巴的蓝色猫咪。,,1,memes/meow/shitim_PNG_34.gif,f124e96f2dcfc9cb29da9a2aabcb847c22994707bf6a6fa3ee4d44d7c15b8414,
PNG/35,cool,墨镜 / 耍帅,普拉娜戴彩色墨镜，头顶有紫色星形图案，一只手端着饮料。,,1,memes/cool/shitim_PNG_35.gif,2b098b5db6b51de142e5c516d8c59c914f3c7f6f68cde0c17d6e0035efb1d185,
PNG/36,happy,微笑 / 开心,普拉娜嘴角上扬的面部特写，脸颊有粉色红晕。,,1,memes/happy/shitim_PNG_36.gif,412720e06bfaa167a4523889abed9a3c18e26f28fc496a1795fc2f74605ef8a4,
PNG/37,sigh,无语 / 淡定,黑白线条的普拉娜半垂着眼睛，嘴巴平直，头边有竖线。,,1,memes/sigh/shitim_PNG_37.gif,d1808cc10286eda21b82079242a2cb77c4d2d404d1bd6767072ab79c8a661820,
PNG/38,gesture,手势 / 动作,Q版普拉娜抬起一只手，手掌正面朝前。,,1,memes/gesture/shitim_PNG_38.gif,6ce65397536ec00c1a694f3cd938b8da2118079a23730a3b80c3492416d1f525,
PNG/39,needs_review,待人工复核,普拉娜闭紧眼睛，双手缩在脸边，嘴巴呈波浪形；用户认为可能是小生气或小害羞，具体情绪未确定。,,1,memes/needs_review/shitim_PNG_39.gif,73a5a12ba15e61e8524a3785b310cd0757a9d3d1f7c1034701bcfc9eb0331a38,备注为「小生气 或者小害羞」；搜索未找到原作者解释，具体情绪仍未确定。
PNG/40,gesture,手势 / 动作,普拉娜握拳朝镜头前方伸出，另一只手靠近胸前。,,1,memes/gesture/shitim_PNG_40.gif,2236d3a22073d7b4be6c200563d4c9a8cbe61735f6b4a01f43a8c869df6c8163,
PNG/41,sigh,无语 / 淡定,普拉娜半垂眼睛、嘴巴平直的面部特写。,,1,memes/sigh/shitim_PNG_41.gif,532a3cfa6aa64e5ffed76b2cfdea8484fa7e19a11bef8a3579b8f9b4708b7f22,
PNG/42,sigh,无语 / 淡定,普拉娜半垂着眼睛，额头带汗，旁边气泡是省略号。,…,1,memes/sigh/shitim_PNG_42.gif,5767d1f84fa1b28a466aefaab5a44f40c715a2a59c3f65e26451a1d41f730dd1,
PNG/44,sad,流泪 / 委屈,普拉娜两只眼睛边挂着大颗泪珠，嘴巴张开。,,1,memes/sad/shitim_PNG_44.gif,d5ca7a69d4f2b81343997477a0c76fe51dbb69eef715b40fba2f912100f1cc96,
PNG/45,shy,脸红 / 害羞,黑白线条的普拉娜闭眼微笑，脸颊画着密集红晕线。,,1,memes/shy/shitim_PNG_45.gif,c7bcd356a7594651a3e1735a234ac59fe385651d33d09cab317f7ae745b80d37,
PNG/46,scene,场景 / 日常,普拉娜出现在深蓝星空前，抬着头。,,1,memes/scene/shitim_PNG_46.gif,8dd60a376781f02246a93aa46b682e45595431ce88c9d641bdfd6c12d8bad75e,
PNG/47,character,角色 / 头像,Q版普拉娜横着躺在画面里，双臂伸出。,,1,memes/character/shitim_PNG_47.gif,1134316d01246b6cc9a2f3d37d258ef6f14cd3a2c2cfd9387fb322ed9480e5b6,
PNG/48,cool,墨镜 / 耍帅,普拉娜戴彩色墨镜，一只手端着浅黄色饮料。,,1,memes/cool/shitim_PNG_48.gif,f8d636bde806a990619ecacc8b76a86edeaa707c3367183343524d9b964117f6,
PNG/49,cool,墨镜 / 耍帅,普拉娜戴彩色墨镜，张开双臂站着。,,1,memes/cool/shitim_PNG_49.gif,8079759ca24316bb99e71e7522d49069a2d7a78168ed9db7bc492915d2456023,
PNG/50,gesture,手势 / 动作,Q版普拉娜坐着，举高一只手并竖起手指。,,1,memes/gesture/shitim_PNG_50.gif,337ff46bda203cdb920a876ff045da07dd37593d7237101460e78947acb4b1ab,
PNG/51,see,观察 / 偷看,普拉娜躲在白色边缘后，只露出头部和手。,,1,memes/see/shitim_PNG_51.gif,6f5064ef763f5b11786f99625409537abc2cdaec76e8836d096449f23eb47757,
PNG/52,fool,恶搞 / 变形,普拉娜戴着有涂画的脸罩，手持红色夸张图案。,,1,memes/fool/shitim_PNG_52.gif,aaa2bbcf1aa3124665af6cd01e0680defcd067b8c696ce8dac219d53d2e14b83,
PNG/53,sigh,无语 / 淡定,Q版普拉娜半垂着眼睛，嘴巴是平直的小线。,,1,memes/sigh/shitim_PNG_53.gif,a4e507c6a5aabd4d7ad773fda4e62b1faaea8c8a28adca37d9305361aceaa995,
PNG/54,sigh,无语 / 淡定,普拉娜闭着眼睛，头边带有黑色运动线。,,1,memes/sigh/shitim_PNG_54.gif,8d9ddfd4aa9b652a7109c7ea8fb53cabc17f0d6af4c1f3903970b0ba0838d9ae,
PNG/55,gesture,手势 / 动作,普拉娜一只手竖起拇指。,,1,memes/gesture/shitim_PNG_55.gif,06f3bf742a6b4be58480636da33b2462fe5d7cbe0671a5ae5608309bb01d535d,
PNG/56,character,角色 / 头像,普拉娜正面站着，穿黑色服装，头顶粉红色光环。,,1,memes/character/shitim_PNG_56.gif,25872dd73693f2b93d03059117dc0b0a6ddb4cccba9fe15209e052d7aabafded,
PNG/57,like,爱心 / 亲近,Q版普拉娜举起一只手，旁边拼接了一朵大红玫瑰。,,1,memes/like/shitim_PNG_57.gif,23ef45c44506efcae3ba041a0bc51806f0d2fbab64b7a78f77d7685907e209a2,
PNG/58,gacha,抽卡 / 卡片,普拉娜双手把白色平板举过头顶，背景偏蓝色。,,1,memes/gacha/shitim_PNG_58.gif,c210588a4f5a9e15b54e2f26e835a2d6550296512130e2aa66256057223ccd9b,
PNG/59,gacha,抽卡 / 卡片,普拉娜双手把白色平板举过头顶，背景带粉色光带和闪光。,,1,memes/gacha/shitim_PNG_59.gif,957e106b1f9f728c853b97e234d5f1ed05f2d76c027834e661d729970adbdbe1,
PNG/60,fool,恶搞 / 变形,普拉娜配上「会赢喔」的对白；用于明知要失败却宣称会赢的反讽、立失败旗场景。,会赢喔,1,memes/fool/shitim_PNG_60.gif,6cbdacdb672f290b051ae470d1f2ce2906900c7a930e1dc585fd2c79af51ce28,
PNG/61,shy,脸红 / 害羞,普拉娜脸颊大面积泛红，嘴巴微张，视线朝侧下方。,,1,memes/shy/shitim_PNG_61.gif,336cd4e9ca9095e19bda8202f79afdf17b9f8c5ac2dbf8f04e56f9a6f106232c,
PNG/62,like,爱心 / 亲近,普拉娜把蓝色宝石抱在胸前，头顶有橙色心形。,,1,memes/like/shitim_PNG_62.gif,6f7fb71e330ce9f9d79bdebbc06d974bbeacddebd033595900d49b7bacecf75e,
PNG/63,like,爱心 / 亲近,阿罗娜双手比出心形，周围飘着粉色爱心。,,1,memes/like/shitim_PNG_63.gif,af0f879cad7cca39f278a7bcf70c7d9e1106facbe47a54cf10dbcc059baf3761,
PNG/64,sleep,困倦 / 打哈欠,阿罗娜闭着眼睛张大嘴巴，露出困倦、打哈欠的表情。,,1,memes/sleep/shitim_PNG_64.gif,4ea49f06fb007deb48ae29f1ef5f793a26f2c78f69f676af17a19618ef980832,
PNG/65,sigh,无语 / 淡定,普拉娜低着头、半垂眼睛，嘴巴平直。,,1,memes/sigh/shitim_PNG_65.gif,dad4601e6b4cc0259dc3923c9ec6bad638fdb99765ed976fe9aa594dd1dd9d35,
GIF/0,like,爱心 / 亲近,阿罗娜张嘴笑并眨眼，头顶有爱心，身边闪光。,,90,memes/like/shitim_GIF_0.gif,b82168c7e706348609dbc8afcdff1db5ac739f507f34d564591ff98ad2694d0a,
GIF/1,confused,疑问 / 迷糊,阿罗娜头顶反复出现橙色问号。,,90,memes/confused/shitim_GIF_1.gif,d73281ca90a21bcd3168474e0be3d6cc36e68a54202f68a1992b5ef05cd596a2,
GIF/2,sigh,无语 / 淡定,阿罗娜歪着头、半垂眼睛，嘴边出现白色气团。,,90,memes/sigh/shitim_GIF_2.gif,a31e5bda1b4bfffaee1e452621474ec4bc2b1c8a6423da826dafdbff758287ba,
GIF/3,character,角色 / 头像,阿罗娜头部轻轻动着，眼睛看向前方，嘴巴微张。,,57,memes/character/shitim_GIF_3.gif,6a0384e31e0d27981d402375fb15b9a9164418c0f156923d80b90236e28a5c7f,
GIF/4,gesture,手势 / 动作,阿罗娜拿着平板，嘴部和眼睛轻轻动着。,,50,memes/gesture/shitim_GIF_4.gif,afddce2bd7d40696c59f1a3da21ccb20d302c4f43fadbb180876b81e1fb2a231,
GIF/5,meow,猫耳 / 猫咪,蓝色猫咪造型的阿罗娜背对画面，尾巴左右摆动。,,36,memes/meow/shitim_GIF_5.gif,c79f65ce95e42654d75f624f74f252bea0e9cb3944d4faac35ea5d3c52dab6a5,
GIF/6,scene,场景 / 日常,阿罗娜和普拉娜躺在沙滩椅上，撑着遮阳伞，拿着食物或饮料。,,45,memes/scene/shitim_GIF_6.gif,e51d5ce144ab228ae60513d337000882b5289625a5f3f923227a1041e4c222ce,
GIF/7,surprised,吃惊 / 突然反应,阿罗娜先微笑，随后睁大眼睛张嘴，画面切换为夸张的吃惊表情。,,161,memes/surprised/shitim_GIF_7.gif,f331d2f31e8df05ade2d8ff5670ba96bbfcd3b3c8da279e759018d3e6cfddd3a,
GIF/8,character,角色 / 头像,白发角色歪着头靠近画面，紫色眼睛看向前方。,,81,memes/character/shitim_GIF_8.gif,bde0f4da1b84e984b487125b94e9eb3e374afd704aaf48de1c818f08997e21f7,
GIF/9,dance,跳舞 / 摇摆,阿罗娜双手放在身前，身体左右摇摆。,,11,memes/dance/shitim_GIF_9.gif,fbb177a52a8cc1d4f6a11b45528d9bf84ded56581f381d7c6c249fecc8bb331f,
GIF/10,food,食物 / 吃东西,阿罗娜一只手端着碗，另一只手把餐具送到嘴边。,,29,memes/food/shitim_GIF_10.gif,5585dd5c4dde97d574aa4a3c7517ae8e2aa5b747f3d2d8a49f2a66ae59defb9b,
GIF/11,cool,墨镜 / 耍帅,阿罗娜戴彩色墨镜，蓝色宝石在身旁跳动。,,4,memes/cool/shitim_GIF_11.gif,aa6edf3032b94999e3f895121ba766bf58734fd6a8e0479538e703c6ba55f081,
GIF/12,tongue,吐舌 / 舔屏,阿罗娜伸出舌头，粉色长舌向镜头前方伸出又缩回。,,12,memes/tongue/shitim_GIF_12.gif,3949a1cafd827f2803c2393cd1e6f64096a435e8c1707ab282f248feb6cff109,
GIF/13,tongue,吐舌 / 舔屏,阿罗娜的长舌向侧面和上方摆动。,,15,memes/tongue/shitim_GIF_13.gif,cc68a094824efa57cb7d8d47e8c2a482c22049d629e1efb864f5c6ca8660748c,
GIF/14,tongue,吐舌 / 舔屏,阿罗娜反复把舌头伸到镜头前方，嘴部快速变大。,,15,memes/tongue/shitim_GIF_14.gif,04a44410809ef5e01fce05ca8faca1f1d83435cc65f5b95bb44828804769ef3c,
GIF/15,sad,流泪 / 委屈,阿罗娜闭眼张嘴哭泣、摇头，眼角附近有泪滴标记。,,10,memes/sad/shitim_GIF_15.gif,9da46f7497b55d8b55cd038487446bcd579e31efcc94d4a7e11eb6c80f500356,
GIF/16,surprised,吃惊 / 突然反应,阿罗娜睁大眼睛张嘴，镜头迅速拉近脸部，背景带放射线。,,10,memes/surprised/shitim_GIF_16.gif,53fe3ac2b25253579c7ee7e2731f95da1d46806c3ed79eb34e2005cd71c6ec24,
GIF/17,sigh,无语 / 淡定,阿罗娜半垂眼睛看向前方，嘴巴轻轻动着。,,13,memes/sigh/shitim_GIF_17.gif,a379fd66c5a8dd08e02d9ecb5cdd3a39e7baeb7ba0f3161aab69f143fcf786ff,
GIF/18,confused,疑问 / 迷糊,阿罗娜皱着眉，额头带汗，画面轻微抖动。,,8,memes/confused/shitim_GIF_18.gif,1ab88c2893d24f68947ecb5dd6563fff5bcbb9f4a507d2a79229cd0980eb3742,
GIF/19,dance,跳舞 / 摇摆,阿罗娜踢腿、抬手，身体转来转去。,,25,memes/dance/shitim_GIF_19.gif,f9372bb87d070f48ee90fb0af3d87cddf82993232a207f11ba041779d6658f6a,
GIF/20,tongue,吐舌 / 舔屏,阿罗娜从平淡表情变为伸出长舌，脸部不断放大。,,44,memes/tongue/shitim_GIF_20.gif,f2afb9b2e01efbd71102ab67a9092e6369fabd2ff9e01ddea139ef6145e11327,
GIF/21,gacha,抽卡 / 卡片,阿罗娜举着一张粉色卡片，卡片与背景交替闪出蓝粉颜色。,,70,memes/gacha/shitim_GIF_21.gif,63b688f729d6d8358282a6f6bea4b7e3f0d4df408f426f7e34fd3e8431ac0c65,
GIF/22,gesture,手势 / 动作,阿罗娜用双手拉着老师的衣服，身体向后倾，闭眼张嘴用力拉扯。,,79,memes/gesture/shitim_GIF_22.gif,96bc966c4359339de2f7359809ca6e11907bc1ff193f2fc71c4b60917bdbe7b4,
GIF/23,work,工作 / 忙碌,阿罗娜抱着纸张跑步，纸片从身后飞散。,,27,memes/work/shitim_GIF_23.gif,cd06448052f28ab2e77b8125cea12260cca96da11dab97df2c56573aacc24c53,
GIF/24,sad,流泪 / 委屈,阿罗娜脸颊被两只手捏住，眼睛闭紧，嘴巴张开，眼角有泪珠。,,50,memes/sad/shitim_GIF_24.gif,901d445463a235f3be02c4649dd0fd73062084d086f49555c9230feb3bc63c55,
GIF/25,angry,不满 / 警告,阿罗娜皱眉闭眼，把双拳举在身前，身体上下晃动。,,35,memes/angry/shitim_GIF_25.gif,d3d6e8901f27668cb4bb2ebeb48b123c01cc488256e855c05a72858ca3386fd4,
GIF/26,dance,跳舞 / 摇摆,阿罗娜在教室里抬手、摆动双臂和身体。,,192,memes/dance/shitim_GIF_26.gif,a81cddd4f2abd4231154c41fc220adb169e995be9835c6c8de9f355e8875171b,
GIF/27,gesture,手势 / 动作,阿罗娜闭眼张嘴，一只手反复竖起拇指。,,12,memes/gesture/shitim_GIF_27.gif,4a31cb4600adc1486aee220997a6aee39329d53f322425c3b4d9881e56e2111a,
GIF/28,sad,流泪 / 委屈,阿罗娜双手贴着脸，眼角带水滴，张嘴并上下晃动。,,12,memes/sad/shitim_GIF_28.gif,f832173209c4999f5fd72a89470823e68b85bf14ad94476fcd18347905d34578,
GIF/29,like,爱心 / 亲近,阿罗娜抱着蓝色宝石，闭眼笑，周围爱心不断出现。,,46,memes/like/shitim_GIF_29.gif,516e348e9bcffc4575989439b48b9260b8620c6b64f9cae017f8d76d49c04a4c,
GIF/30,gacha,抽卡 / 卡片,阿罗娜拿平板敲向桌面的蓝色宝石，宝石变成卡片。,,16,memes/gacha/shitim_GIF_30.gif,ac2c8beb4a8dd71e5095fec57ba47cc5cb9b72de336095af906f9cebf1ebeeed,
GIF/31,tongue,吐舌 / 舔屏,阿罗娜隔着屏幕朝对面的人伸出长舌。,,10,memes/tongue/shitim_GIF_31.gif,cff6daf7aed9c95c37d6599ec6385a7b93f11b822e155189946edcdd8bc92e4a,
GIF/32,sad,流泪 / 委屈,阿罗娜站在教室里，双手放在腿前，闭眼张嘴哭喊，身体晃动。,,77,memes/sad/shitim_GIF_32.gif,342b5b3de89c5832e548eb1c86bb1d4f8645048b993ed8a87c8ed1e1644656d7,
GIF/33,tongue,吐舌 / 舔屏,阿罗娜抱着蓝色宝石，把长舌贴向宝石。,Sensei,16,memes/tongue/shitim_GIF_33.gif,a1c1026e32254d3795914bc1a7ec8b3a70b0172c47b98d021597db48d341d6a5,
GIF/34,gacha,抽卡 / 卡片,阿罗娜拿着白色平板，蓝色卡片在身旁不断翻动。,,2,memes/gacha/shitim_GIF_34.gif,b3142a8d84f53e5cfdaaabdd0459bb5d6ab02421e939250aacd74dc2235d4f00,
GIF/35,gesture,手势 / 动作,阿罗娜脸红，举起拇指，嘴巴和头部轻轻晃动。,,26,memes/gesture/shitim_GIF_35.gif,10b946a1c030fbafaf4c023c95e326f297856b17d153e7d1fe619be563791392,
GIF/36,surprised,吃惊 / 突然反应,阿罗娜的眼睛变成白色圆圈，头顶出现黑色感叹号。,!,12,memes/surprised/shitim_GIF_36.gif,0ae69b30bb5a95040a45e15e6357804588e999aa8a8c2635d5345418eccac6f2,
GIF/37,fool,恶搞 / 变形,阿罗娜套在热狗造型里，双手拿着调料瓶旋转身体。,,12,memes/fool/shitim_GIF_37.gif,193bdf33d8553b74650649ff61e3b00b9d479a1097bf6046e3a81278a71c90fc,
GIF/38,gesture,手势 / 动作,阿罗娜闭眼张嘴，轻松地摊开双手摆动，最后抬起一只手；没有确认的特定情绪含义。,,24,memes/gesture/shitim_GIF_38.gif,149f740c2f42f1fdb34cb7304764aa16ec5303b7112cc968fd2e012fbc9d22ff,
GIF/39,happy,微笑 / 开心,阿罗娜带着小笑脸低头鞠躬，再抬起头。,,12,memes/happy/shitim_GIF_39.gif,329dbf7be57fcd4ec3015eb0d0aac377510f589da378670ee557f843d2a0ec19,
GIF/40,tongue,吐舌 / 舔屏,阿罗娜拿着蓝色宝石，把长舌伸向宝石。,,15,memes/tongue/shitim_GIF_40.gif,2bd37c4a86ec50ed635e1a72744275c3c9de10e395536d283b14a7535051e5af,
GIF/41,dance,跳舞 / 摇摆,阿罗娜从站姿切换到蹲姿，双臂反复上下摆动。,,197,memes/dance/shitim_GIF_41.gif,6d5cf519c45907621e74d39d1ff2dc1ba5bff280d3d1ffaf596cd8cd226650f8,
GIF/42,gacha,抽卡 / 卡片,阿罗娜站在堆叠的招募书上，招募书向下掉落，旁边的简笔画人物伸出手。,,6,memes/gacha/shitim_GIF_42.gif,62efdea4b721630f0ca8a48ab133ec69eb91a9736dff1ffdde5665a637d6444a,
GIF/43,dance,跳舞 / 摇摆,阿罗娜先面对镜头张开双臂，再转过身，身体来回旋转。,,3,memes/dance/shitim_GIF_43.gif,61ecadd8f74ea171bf11342dc645dc62c835a36337a2a451333ae6c163244d51,
GIF/44,dance,跳舞 / 摇摆,黑白线条的阿罗娜反复抬手、低头并左右摆动。,,25,memes/dance/shitim_GIF_44.gif,2cfc48c261d4f353b3f2f670fb0206a4f8c9ca175348b0d3faa8b2ebf6eac11e,
GIF/45,fool,恶搞 / 变形,阿罗娜头像被拉扯扭曲，最后旋转成旋涡。,,12,memes/fool/shitim_GIF_45.gif,dc02651b3a6b3381e67922f836cc1712dddf5be7c08888319184c488827ebd53,
GIF/46,happy,微笑 / 开心,小小的阿罗娜站在棕色小物件旁，脸部和头顶图案变化，出现音符。,,178,memes/happy/shitim_GIF_46.gif,b1b644de623c9d1d0dca1e215ecff14c548e56fc87a833997411afc21208eb80,
GIF/47,gesture,手势 / 动作,阿罗娜半垂眼睛，双手向前张开和收回，嘴巴轻轻动着。,,8,memes/gesture/shitim_GIF_47.gif,c44700ad4d4a0cf50475a8a8deb5ba247650c807e7fb37f92ef3a3d510237643,
GIF/48,dance,跳舞 / 摇摆,黑白线条的阿罗娜身体上下晃动，脚步交替移动。,,41,memes/dance/shitim_GIF_48.gif,cc0ed1cf9c286e27d9fa91f422482b7abc7eea280d5499af1ce2a26ca9bccf9e,
GIF/49,fool,恶搞 / 变形,阿罗娜头像反复快速放大缩小。,,18,memes/fool/shitim_GIF_49.gif,cbec4555ce338cbd2cc1a1975b84b44de0a4f78a0d85b7a5180fa4ee519a3e09,
GIF/50,angry,不满 / 警告,阿罗娜皱眉、嘴巴扁着，双手攥在胸前，表情紧绷。,,12,memes/angry/shitim_GIF_50.gif,a6640742048167eda5d722f3d1107550fd7120755bb5c3a25e2a50b8396c6def,
GIF/51,game,游戏 / 标志,角色场景切换为两排卡片和「BLUEARCHIVE」标题。,BLUEARCHIVE,238,memes/game/shitim_GIF_51.gif,7a1fd16c45c722d73ecfae1aad434b4976b6006c44d1526134955706f6ffb562,
GIF/52,scene,场景 / 日常,空旷浅色地面上的角色摆动身体，身后拖着长长的影子。,,12,memes/scene/shitim_GIF_52.gif,744e3fae0dcf60137596542393c1313d15a403d997cc0df74732262bc2c0a98e,
GIF/53,gesture,手势 / 动作,黑色背景下，阿罗娜和普拉娜从底部探头、举手，交替出现。,,86,memes/gesture/shitim_GIF_53.gif,c62865f8da004992b42692f154ec49738e9d5e41e6ab11fdf51548cf7b0c9092,
GIF/54,character,角色 / 头像,Q版普拉娜眼睛和嘴部轻微动着。,,18,memes/character/shitim_GIF_54.gif,7cf229352727d2d28175cc302524eb8d7000cf3d6653b2e95916866495d75e14,
GIF/55,sad,流泪 / 委屈,普拉娜眼泪沿脸颊流下，张嘴哭喊，旁边有对白气泡。,우아앙…,5,memes/sad/shitim_GIF_55.gif,7eee650038a5fc3e4bc4e77f0e3020db9674f420fd0feeadcc425722d7cd1f63,
GIF/56,scene,场景 / 日常,普拉娜抱着腿缩在圆椅里，身体和椅子来回晃动。,,53,memes/scene/shitim_GIF_56.gif,cedb0b69422f449c834e5ddfbf3b9fecc76f6c03a9071506c48f6d75806f2908,
GIF/57,happy,微笑 / 开心,普拉娜的小嘴从微笑变成张开，头部轻轻晃动。,,25,memes/happy/shitim_GIF_57.gif,36dff10f865a6b97e2be6dc258cb0d47f16ce9209b2cdfde1facb4029f7dac94,
GIF/58,gesture,手势 / 动作,普拉娜举着一只手轻轻晃动，嘴巴不断开合。,,25,memes/gesture/shitim_GIF_58.gif,6be59af7518734be87a449a9c895b76bb38893bd63ec90db0b6a1cf529efb02a,
GIF/59,surprised,吃惊 / 突然反应,普拉娜先低头再抬头，旁边出现一排黑色感叹号。,!!,25,memes/surprised/shitim_GIF_59.gif,55532991855186f52b2336af013ae9b593be6ad85ff6796393c5ebb3b80a0d52,
GIF/60,confused,疑问 / 迷糊,普拉娜被手指戳脸，露出的眼睛变成旋涡。,,17,memes/confused/shitim_GIF_60.gif,72d5187bc36714ccf36f53678e69a5b6a995d2c10274c3b1bbef9269bca210ed,
GIF/61,see,观察 / 偷看,普拉娜举起望远镜，来回转动镜筒。,,13,memes/see/shitim_GIF_61.gif,2490e3ca73638d4c8cdff9177efdbdbe1836a7f1b3ab689750ad699660b81d0d,
GIF/62,food,食物 / 吃东西,普拉娜端着一盘蛋糕，眼睛和嘴巴轻轻动着。,,56,memes/food/shitim_GIF_62.gif,75544872d6c5119a2e07688484d5e6638a57d7eb23edb444f97b609fe0c71bc0,
GIF/63,surprised,吃惊 / 突然反应,普拉娜低头后猛地抬头，露出的眼睛变成白色圆圈。,,15,memes/surprised/shitim_GIF_63.gif,4dc525744724429cb8f5718a92d7a7309e1cdf3ec1c1d27608cb30c0a1308aab,
GIF/64,dance,跳舞 / 摇摆,普拉娜与身前的黑色底座一起反复转圈，动画展示正面、侧面和背面。,,78,memes/dance/shitim_GIF_64.gif,8e67f5c3dd2e6937e9833a5c3273128c1b75bac6d35eac391326a02585e19169,
GIF/65,happy,微笑 / 开心,黑白线条的普拉娜闭眼笑，身体轻轻摇晃。,,64,memes/happy/shitim_GIF_65.gif,478b10d650964c3a89bf56e7ff1dd6196c3e91d5643e7ddba30f8e6e9f74b033,
GIF/66,surprised,吃惊 / 突然反应,普拉娜的脸部迅速放大抖动，张开嘴，四周出现放射线。,,33,memes/surprised/shitim_GIF_66.gif,dd575a253f7251d991305a85f3d3cc8b736d93499a5960dd7e4561fc00a5643a,
GIF/67,sigh,无语 / 淡定,黑白线条的普拉娜半垂眼睛，嘴巴平直，身体轻轻摇晃。,,64,memes/sigh/shitim_GIF_67.gif,e5a1e6c8f9d4a4b7d4edf9968a987f4f5d2b861f52c6ff29e0fc9ddc1a38f9ff,
GIF/68,sigh,无语 / 淡定,普拉娜低着头，露出的眼睛半垂，嘴巴平直。,,74,memes/sigh/shitim_GIF_68.gif,2539fe75119b8eae761970a016387ca2f6de5abf485b02bb19cf24902a44f17f,
GIF/69,cool,墨镜 / 耍帅,普拉娜戴深色墨镜，拿着圆形面包靠近嘴边。,,46,memes/cool/shitim_GIF_69.gif,21f65e0e7c976ce2c5784127962b66d55fd4371d4fa66df53fd15a50da9d8a61,
GIF/70,sigh,无语 / 淡定,黑白线条的普拉娜站着，半垂眼睛，身体轻微晃动。,,23,memes/sigh/shitim_GIF_70.gif,d83e6d2b61e62fc84eb9e4edfecab6e79697f003739a878cfacdb597919f632d,
GIF/71,fool,恶搞 / 变形,普拉娜头像被拉扯扭曲，最后转成旋涡。,,12,memes/fool/shitim_GIF_71.gif,59335567eb1a450f3d8527929346d3c0f99d54fba4806567232b17500210d766,
GIF/72,fool,恶搞 / 变形,普拉娜头像反复快速放大缩小。,,18,memes/fool/shitim_GIF_72.gif,233752d3fee04fa8158b8335d2afc9f76ca75c57411efbd25615db15fcd50408,
GIF/73,fool,恶搞 / 变形,像素风普拉娜坐在黑色物体上，在星空中移动，身后拖出彩虹。,,12,memes/fool/shitim_GIF_73.gif,f257858d97c0689d500b9895f5a5463dd08d193f4dfcc635ce85a47846a968ed,
GIF/74,gacha,抽卡 / 卡片,线条风普拉娜拿出粉色卡片，在手中展示又收回。,,5,memes/gacha/shitim_GIF_74.gif,b941fefc47e13dd21f3b6141ee4928cc65e56aa468c50678a4584fd96fc2deb3,
GIF/75,gacha,抽卡 / 卡片,线条风普拉娜拿出黄色卡片，在手中展示又收回。,,5,memes/gacha/shitim_GIF_75.gif,ac0df6402e6862c72fc779ed0aa03d0c7003e4334d714db09c7f0ccf1d1c0df1,
GIF/76,gacha,抽卡 / 卡片,线条风普拉娜拿出蓝色卡片，在手中展示又收回。,,5,memes/gacha/shitim_GIF_76.gif,2cd5f57cd878b79c3c01d4721311e24286c7f3c2e5f390314fd2f7479f812327,
GIF/77,like,爱心 / 亲近,黑白线条的普拉娜半垂眼睛，头顶浮现粉色爱心。,,64,memes/like/shitim_GIF_77.gif,7d69eb7ada242fdda164443e83b88d953d4688225cb6c4f5daf7da5b8ee28606,
GIF/78,fool,恶搞 / 变形,普拉娜脸部的红色眼睛、光环和头发颜色切换成阿罗娜的蓝色样式。,,27,memes/fool/shitim_GIF_78.gif,6d47304e3b78233dbb8205c9a14d6bef9cef19b724a1edeac75d414acc5ae255,
GIF/79,gesture,手势 / 动作,白色背景下，阿罗娜和普拉娜交替从底部探头、举手。,,68,memes/gesture/shitim_GIF_79.gif,914073f06bf143f2b0525774ee9579090410cb430c2e850cd5707669546331e8,
GIF/80,fool,恶搞 / 变形,阿罗娜两只圆眼珠向不同方向转动，嘴里露出小舌头。,,8,memes/fool/shitim_GIF_80.gif,1560952241c724f0cd1de413d4994b8cb1607d7ee2f5f23a11a3bea4e4dc4cbe,
GIF/81,dance,跳舞 / 摇摆,戴墨镜的阿罗娜在简笔画场景里抬手、弯腰、晃动身体。,,34,memes/dance/shitim_GIF_81.gif,3e54fd50163627f3f0fc6f2d8b3867728f5f3455c7893ee46c8101bdc617414a,
GIF/82,sad,流泪 / 委屈,阿罗娜头顶举着粉色平板，脸颊被双手拉开，眼泪流下来。,,3,memes/sad/shitim_GIF_82.gif,87606b25ef314d59152cc85051261a3d5922346eeb5e8be437d5eb4949beefbf,
GIF/83,dance,跳舞 / 摇摆,阿罗娜和普拉娜坐在转椅上，一起转动。,,8,memes/dance/shitim_GIF_83.gif,f6c8006384edab69f6740833848efb3fb684bba7f1dfdafe9b04e0fda956736d,
GIF/84,sad,流泪 / 委屈,阿罗娜被手指敲头，闭眼张嘴，眼泪飞出，旁边闪着宝石。,,24,memes/sad/shitim_GIF_84.gif,fd4fd0832472c6d502e30c23a51a6faacb884f9fabcf44edd206ce285e95f389,
GIF/85,sad,流泪 / 委屈,阿罗娜头顶出现蓝色雨云，双手抬起，泪珠从脸旁落下。,,8,memes/sad/shitim_GIF_85.gif,3a556c28daa8520eac7c363127e033ac396e0cd4ad4a05924ba114ad209e5429,
GIF/86,meow,猫耳 / 猫咪,蓝色猫咪造型的阿罗娜背对画面，盯着悬挂的蓝色宝石摇尾巴，头顶爱心。,,36,memes/meow/shitim_GIF_86.gif,f05b82ac9ebe34c439a64965c5d1d453b31931f71ad107c13ffeffe0d0413b8c,
GIF/87,shy,脸红 / 害羞,普拉娜脸颊通红，轻轻摇头，旁边出现小音符。,,19,memes/shy/shitim_GIF_87.gif,b12cbc94ef5afb8026e3bb5474c685585742d037a1772d00ce7f87938b878493,
GIF/88,like,爱心 / 亲近,阿罗娜嘟嘴靠近镜头，粉色吻印和爱心覆盖画面。,,18,memes/like/shitim_GIF_88.gif,fb15d7010787d3cb40b776e58e6248804d947b5eb8b6675b7879c66e24c4cef8,
GIF/89,meow,猫耳 / 猫咪,猫咪造型的阿罗娜坐在蓝色宝石前，张开嘴，身体轻轻摆动。,,14,memes/meow/shitim_GIF_89.gif,274aa1720eeae33fd1e86bb2f8f73c79267f17d4cb393950833aa880b655917c,
ARONA/0,happy,微笑 / 开心,普拉娜微微笑，身边有黄色闪光。,,1,memes/happy/ARONA_Purana_0.gif,bd4e9c76a099f19487712b5b26237280e8b5f69d38172bc5113316304b121745,
ARONA/1,surprised,吃惊 / 突然反应,普拉娜眼睛带灰色纹理，嘴巴张开，额头有阴影，露出惊恐表情。,,1,memes/surprised/ARONA_Purana_1.gif,90859921cfa0f462a7e661b9c66f47ded7fc7e652682bb20bb2fc7368703408a,
ARONA/2,meow,猫耳 / 猫咪,普拉娜戴着猫耳，把双手举在头边。,,1,memes/meow/ARONA_Purana_2.gif,42f1281eb4dfcb58260b69d4fa6d2a84c1749a1cf366e0c0ec2674742e9205aa,
ARONA/3,sad,流泪 / 委屈,普拉娜眼角泪珠往下流，闭紧眼睛，张嘴哭喊。,,1,memes/sad/ARONA_Purana_3.gif,922303eb088555a60dae0fb9d2544d49375ef3a384921629b844c412ff6d79e4,
ARONA/4,angry,不满 / 警告,普拉娜手里的枪正对着画面前方，脸上没有笑容。,,1,memes/angry/ARONA_Purana_4.gif,2e8fda8a37435174c83e2f50337a4debdf8c73a31db7c08c9373f38b14faba7a,
ARONA/5,gesture,手势 / 动作,普拉娜双手抱着一个黑色圆球，嘴巴咬住球的上缘。,,1,memes/gesture/ARONA_Purana_5.gif,78d8812350c7668a6eb0498bbf5efdde234c942226ccaa9b782e97d9634e239f,
ARONA/6,like,爱心 / 亲近,普拉娜双手比心，身边有粉色爱心。,,1,memes/like/ARONA_Purana_6.gif,5a6cb26392697234446c5dd479f8e6df5d81d8dbdb946ab0e0bccb845b60a183,
ARONA/7,gesture,手势 / 动作,普拉娜把双拳举在脸前，眼睛变成灰白色，嘴巴微张。,,1,memes/gesture/ARONA_Purana_7.gif,e015c6cc933c3352f863dca71f66b7cf0982de39c17335bf184f80a78f57121c,
ARONA/8,like,爱心 / 亲近,普拉娜双手拿着印有粉色爱心的白色信封。,,1,memes/like/ARONA_Purana_8.gif,cec065f8af6c943477c725842cfde8c69ae8c7b26b83c3ca5bde65cd4b3c8efb,
ARONA/9,work,工作 / 忙碌,普拉娜坐在笔记本电脑前，头旁有一团白色气团。,,1,memes/work/ARONA_Purana_9.gif,885a324ee0e1024a8e05ace87f7b16ff52c4e3a093fff01e809dc082ae0dc4aa,
ARONA/10,food,食物 / 吃东西,普拉娜拿着汉堡靠近嘴边，闭着眼睛，身旁有闪光。,,1,memes/food/ARONA_Purana_10.gif,b5f0cb38d04e83602df039361718ef41d1d043f6604e2a796ea4e41d8b4132d0,
ARONA/11,sigh,无语 / 淡定,普拉娜把头向后歪，半垂着眼睛，嘴巴平直。,,1,memes/sigh/ARONA_Purana_11.gif,7a10b15223e5bd295936e5ed79ef49fad3e011f133bf17974f0f48a59b5d2b25,
ARONA/12,character,角色 / 头像,Q版普拉娜正面站立的全身角色画面。,,1,memes/character/ARONA_Purana_12.gif,e03840945f36360033a7dc657080fc4084284269bf58f58880e9188c7f9cc8d9,
ARONA/13,character,角色 / 头像,简化画法的Q版普拉娜站在画面中央。,,1,memes/character/ARONA_Purana_13.gif,f6a5cf90e325ea4990ab5cee541fe9467e0a373d441f8a7e04c3e98439ff53bd,
ARONA/14,gesture,手势 / 动作,普拉娜抬起一只拳头，嘴巴微张。,,1,memes/gesture/ARONA_Purana_14.gif,3bb2a50393a95a53fc4092d4a33261ac9012752b4ed28408820c013f692e0ca7,
ARONA/15,see,观察 / 偷看,普拉娜拿着放大镜，把镜片放在一只眼睛前。,,1,memes/see/ARONA_Purana_15.gif,00607863fe0099a7298110420ce0e789cf0811e72124b232e2e093b617fabb04,
ARONA/16,meow,猫耳 / 猫咪,普拉娜双手像猫爪一样摆在脸前，闭紧眼睛张嘴卖萌。,,1,memes/meow/ARONA_Purana_16.gif,1c1752d31768ba99ae10e7788582bc79ab1de58a98fac062f4ab5ad216f76442,
ARONA/17,angry,不满 / 警告,普拉娜闭紧眼睛、张大嘴巴，头旁冒出白色气团，表达小生气。,,1,memes/angry/ARONA_Purana_17.gif,86e9bd94d4af18c01905fe166c8e3b42619380710f14083aa69f199ee09640c0,
ARONA/18,character,角色 / 头像,小小的普拉娜坐在摊开的手掌上。,,1,memes/character/ARONA_Purana_18.gif,1efbdd51ff09f41b80e077a59ce9d65a7bec021a30f0af31cb065ca2267c2850,
ARONA/19,scene,场景 / 日常,小小的普拉娜趴在蓝、粉、白三色团状物上。,,1,memes/scene/ARONA_Purana_19.gif,1e4f4e99dd79233e4cfbb5d7e22f24f44f9d07e1c4b5e32760228ed6654f8712,
ARONA/20,sad,流泪 / 委屈,普拉娜脸颊被双手捏住，眼角有泪珠，嘴巴歪着张开。,,1,memes/sad/ARONA_Purana_20.gif,f8bed2902e4d6b74fa6e44c4b51b70c95b0058db0294a2ee2e73f5c81bac6535,
ARONA/21,character,角色 / 头像,小小的普拉娜缩在手掌里，手旁画着爱心。,,1,memes/character/ARONA_Purana_21.gif,e607208a1f78b25e1de6766118893c9833f4cf2bf0d1c4ad33ae7c6857c7d929,
ARONA/22,fool,恶搞 / 变形,一只手揪着普拉娜的衣服，把小小的她提起来。,,1,memes/fool/ARONA_Purana_22.gif,d9fe8cfdacde2d422c5b1d6a23237a4f448e6fd0e71f90d71971013b3ba4ca6f,
ARONA/23,fool,恶搞 / 变形,小小的普拉娜穿着蓝色超人装与红色披风，双臂向前飞行。,,1,memes/fool/ARONA_Purana_23.gif,c1d7ee8169b2fecc4a7813ad322b693d84cf889181823300c141806ef2262f5f,
ARONA/24,gesture,手势 / 动作,普拉娜闭眼，举起灰色长柄物件，物件旁画着强调线。,,1,memes/gesture/ARONA_Purana_24.gif,aa4cc3aca25813cbd2c30af05cc47428c3a2af19f6d562c2f148086d893d86e2,
ARONA/25,gesture,手势 / 动作,普拉娜睁着眼睛，举起灰色长柄物件。,,1,memes/gesture/ARONA_Purana_25.gif,7b34d8d1848b3cdc72abae05a90cc175aef9a79890c67c1d0ccc393e2fc41c3e,
